<?xml version="1.0" encoding="UTF-8"?>
<!DOCTYPE mapper PUBLIC "-//mybatis.org//DTD Mapper 3.0//EN"
	"http://mybatis.org/dtd/mybatis-3-mapper.dtd">


<mapper namespace="com.example.demo.mapper.ReviewMapper">	
	
	<!-- 관리자 리뷰리스트 -->
	<select id="adminReviewList" parameterType="hashmap" resultType="com.example.demo.model.Review">	
			SELECT 
				reviewnum, categori, resnum ,title, writedate, content, grade, nickname, create_id, resname
			FROM
				t3_review
			WHERE 1=1
			<if test='reskind != null and reskind != "" '>
			and (#{flg} or reskind = #{reskind}) 
			</if>
			<if test='resname != null and resname != "" '>
			and resname like concat('%', #{resname}, '%') 
			</if>
			<if test='categori != null and categori != "" '>
			and categori = #{categori} 
			</if>
			ORDER BY writedate DESC
			LIMIT #{startNum}, #{lastNum}
	</select>
	
	<!-- 관리자 갯수 출력 -->
	<select id="countAdminRCnt" parameterType="hashmap" resultType="int">	
		SELECT 
			COUNT(*) AS CNT
		FROM
			t3_review
			WHERE 1=1
			<if test='reskind != null and reskind != "" '>
			and (#{flg} or reskind = #{reskind}) 
			</if>
			<if test='resname != null and resname != "" '>
			and resname like concat('%', #{resname}, '%') 
			</if>
			<if test='categori != null and categori != "" '>
			and categori = #{categori} 
			</if>
	</select>
	
	<!-- 관리자 리뷰 상세 출력 // 동일 칼럼명 들어가 있을 경우. t i 등 지정필수 -->
	<select id="ARevDetail" resultType="com.example.demo.model.Review">	
		SELECT 
			t.reviewnum, categori, resnum, title, writedate, content, grade, nickname, reskind,  answer, addr.img, comments, addr.writer, addr.createdate, t.resname
		FROM
		t3_review t  
        LEFT OUTER JOIN  
		(SELECT 
			ra.comments, ra.writer, ra.createdate, img, a.reviewnum
		FROM
			t3_review a
		LEFT OUTER JOIN t3_review_answer ra on ra.reviewnum = a.reviewnum
		LEFT OUTER JOIN t3_review_img i  on i.reviewnum = a.reviewnum ) addr on addr.reviewnum = t.reviewnum 
		WHERE
			t.reviewnum = #{reviewnum}
	</select>
	
	<!-- 관리자 리뷰 삭제 -->
	<delete id="deleteARev" parameterType="hashmap">	
		DELETE FROM 
			t3_review 
		WHERE 
			reviewnum = #{reviewnum}
			
	</delete>
	
	<!-- 사업자 리뷰리스트 출력                                                                                                   -->
	<select id="BuReviewList" parameterType="hashmap" resultType="com.example.demo.model.Review">	
			SELECT 
				t.reviewnum
				,categori
				,resnum
				,title
				,t.content
				,writedate
				,grade
				,nickname
				,answer
				,a.comments
				
			FROM
				t3_review t
			LEFT OUTER JOIN t3_review_answer a on a.reviewnum = t.reviewnum 
			WHERE 1=1	
			<if test='resnum != null and resnum != "" '>
			and resnum = #{resnum}
			</if>
			ORDER BY writedate ASC
			LIMIT #{startNum}, #{lastNum}
	</select>
	
	<!-- 사업자 리뷰리스트 갯수 -->
	<select id="BuReviewCnt" parameterType="hashmap" resultType="int">	
		SELECT 
			COUNT(*) AS CNT
		FROM
			t3_review
		WHERE 1=1	
		<if test='resnum != null and resnum != "" '>
		and resnum = #{resnum}
		</if>
	</select>
	
	
 	<!-- 식당별 리뷰리스트 -->
	<select id="selectreviewList" parameterType="hashmap" resultType="com.example.demo.model.Review">	
			SELECT 
			t.reviewnum, categori, resnum, title, writedate, content, grade, nickname, reskind, img, answer,(select truncate(avg(grade),1) from t3_review where t.resnum = #{resnum}) as avg
		FROM
			t3_review t
		LEFT OUTER JOIN t3_review_img i on t.reviewnum = i.reviewnum 
		WHERE
			t.resnum = #{resnum}
			
	</select>
			
	<!-- 리뷰작성버튼 활성비활성 -->
	<update id="reviewFin" parameterType="hashmap" >	
		UPDATE t3_reserve
		SET
			review = "Y" 
		WHERE no = #{no}
	</update>
	
	<!-- 리뷰 상세 출력 // 동일 칼럼명 들어가 있을 경우. t i 등 지정필수 -->
	<select id="detailReviewboard" resultType="com.example.demo.model.Review">	
		SELECT 
			t.reviewnum, categori, resnum, title, writedate, content, grade, nickname, reskind,  answer, addr.img, comments, addr.writer, addr.createdate
		FROM
		t3_review t  
        LEFT OUTER JOIN  
		(SELECT 
			ra.comments, ra.writer, ra.createdate, img, a.reviewnum
		FROM
			t3_review a
		LEFT OUTER JOIN t3_review_answer ra on ra.reviewnum = a.reviewnum
		LEFT OUTER JOIN t3_review_img i  on i.reviewnum = a.reviewnum ) addr on addr.reviewnum = t.reviewnum 
		WHERE
			t.reviewnum = #{reviewnum}
            
	</select>
	
	<!-- 사장님 댓글 작성   -->                                                                                                                             
	<insert id="insertComment" parameterType="hashmap">	
		INSERT INTO t3_review_answer 
			(comments, writer, createdate, reviewnum) 
		VALUES
			(#{comments}, #{userId}, NOW() , #{reviewnum})
	</insert> 
	
	<!-- 사장님 댓글 작성 표시   -->                                                                                                                             
	<insert id="insertCommentCheck" parameterType="hashmap">	
 		update  t3_review
		set answer="Y"
		where reviewnum = #{reviewnum} 
	</insert> 	
	
	
	<!-- 식당 순서대로나열 -->
	<select id="Resarray" resultType="com.example.demo.model.Review">
		select * 
		from t3_restaurant r
		INNER JOIN (
		select r.resnum, avg(r2.grade) as average from t3_restaurant r
		INNER JOIN t3_review r2 on r.resnum = r2.resnum
		group by r.resnum
		) r2 on r.resnum = r2.resnum
		order by average desc
	</select>
</mapper>